City_ID,City,Country,Lat,Lng,Max Temp,Humidity,Cloudiness,Wind Speed,Current Description
0,Benguela,AO,-12.5763,13.4055,73.33,79,69,4.05,broken clouds
1,Caibarien,CU,22.5206,-79.4669,76.32,82,100,8.99,overcast clouds
2,Jamestown,US,42.097,-79.2353,37.02,98,100,13.8,light snow
3,Jadu,LY,31.953,12.0261,58.32,76,0,2.17,clear sky
4,Le Port,RE,-20.9373,55.2919,69.76,84,56,1.54,broken clouds
5,Camapua,BR,-19.5314,-54.0439,77.4,58,32,5.79,scattered clouds
6,Upernavik,GL,72.7868,-56.1549,20.16,84,100,4.25,overcast clouds
7,Bredasdorp,ZA,-34.5322,20.0403,59.7,87,94,8.7,overcast clouds
8,Bhakkar,PK,31.6253,71.0657,70.41,42,3,7.25,clear sky
9,Bay Roberts,CA,47.5999,-53.2648,57.33,94,3,5.73,clear sky
10,Bangalore,IN,12.9762,77.6033,67.82,94,90,1.19,overcast clouds
11,Cape Town,ZA,-33.9258,18.4232,63.12,76,66,1.99,broken clouds
12,Ribeira Grande,PT,38.5167,-28.7,65.77,78,100,8.01,overcast clouds
13,Mahebourg,MU,-20.4081,57.7,68.29,73,40,3.44,scattered clouds
14,Luderitz,NA,-26.6481,15.1594,59.95,90,9,15.3,clear sky
15,Mattru,SL,7.6244,-11.8332,73.74,98,100,1.95,overcast clouds
16,Victoria,HK,22.2855,114.1577,74.32,66,82,18.99,broken clouds
17,Georgetown,MY,5.4112,100.3354,78.24,86,20,4.61,light rain
18,Jumla,NP,29.2747,82.1838,41.58,78,6,3.71,clear sky
19,Juruti,BR,-2.1522,-56.0922,81.61,70,95,3.76,overcast clouds
20,Vestmanna,FO,62.1564,-7.1664,40.12,81,100,5.75,overcast clouds
21,Mar Del Plata,AR,-38.0023,-57.5575,62.1,96,100,21.99,overcast clouds
22,Filingue,NE,14.3521,3.3168,86.49,18,49,1.72,scattered clouds
23,Lyndon,US,38.2567,-85.6016,51.66,31,0,11.5,clear sky
24,Port Elizabeth,ZA,-33.918,25.5701,72.1,83,0,25.32,clear sky
25,Sinnamary,GF,5.3833,-52.95,79.0,86,54,9.71,broken clouds
26,Aksu,CN,41.1231,80.2644,54.75,24,99,3.0,overcast clouds
27,Hermanus,ZA,-34.4187,19.2345,61.81,91,92,12.91,overcast clouds
28,Trairi,BR,-3.2778,-39.2689,79.18,80,33,14.18,scattered clouds
29,East London,ZA,-33.0153,27.9116,74.08,80,60,10.07,broken clouds
30,Saint George,US,37.1041,-113.5841,86.95,15,0,5.75,clear sky
31,Waw,SS,7.7029,27.9953,73.42,86,81,3.15,broken clouds
32,Zhob,PK,31.3411,69.4481,62.2,29,0,2.46,clear sky
33,Ushuaia,AR,-54.8,-68.3,38.86,81,75,25.32,light rain
34,Ilulissat,GL,69.2167,-51.1,26.62,80,75,3.44,light shower snow
35,Ouallam,NE,14.3188,2.0866,86.18,18,3,4.34,clear sky
36,Bambous Virieux,MU,-20.3428,57.7575,68.25,73,40,3.44,scattered clouds
37,Santa Cruz,BO,-17.8,-63.1667,80.65,69,40,14.97,scattered clouds
38,Port Alfred,ZA,-33.5906,26.891,69.19,92,39,1.99,scattered clouds
39,Longyearbyen,SJ,78.2186,15.6401,26.44,63,40,19.57,scattered clouds
40,Thyboron,DK,56.6985,8.2124,47.14,82,43,10.67,scattered clouds
41,Hithadhoo,MV,-0.6,73.0833,80.01,78,98,8.23,overcast clouds
42,Busselton,AU,-33.65,115.3333,60.48,83,97,6.02,overcast clouds
43,Hamilton,US,39.1834,-84.5333,51.31,38,0,10.36,clear sky
44,Charagua,BO,-19.8,-63.2167,70.14,85,98,2.35,overcast clouds
45,Hofn,IS,64.2539,-15.2082,42.66,68,5,7.52,clear sky
46,Rabo De Peixe,PT,37.8,-25.5833,63.91,95,75,11.5,shower rain
47,Metaxades,GR,41.4204,26.225,54.16,44,0,4.05,clear sky
48,Poco Verde,BR,-10.7083,-38.1833,70.65,83,46,11.41,scattered clouds
49,Akureyri,IS,65.6835,-18.0878,40.93,60,0,16.11,clear sky
50,Bandarbeyla,SO,9.4942,50.8122,78.51,84,93,12.97,overcast clouds
51,Kharovsk,RU,59.9642,40.1912,32.92,90,48,4.14,scattered clouds
52,Qaanaaq,GL,77.484,-69.3632,-0.83,68,0,10.87,clear sky
53,Chuy,UY,-33.6971,-53.4616,58.62,97,9,6.13,clear sky
54,Dikson,RU,73.5069,80.5464,32.25,98,100,19.75,light snow
55,Korla,CN,41.7597,86.1469,52.41,43,68,16.62,broken clouds
56,Lockerbie,GB,55.123,-3.3564,51.26,86,100,19.42,overcast clouds
57,Saint-Pierre,RE,-21.3393,55.4781,65.91,68,20,8.05,few clouds
58,Atasu,KZ,48.6814,71.6433,46.54,57,100,24.65,overcast clouds
59,Mana,GF,5.6592,-53.7767,80.02,84,64,11.18,broken clouds
60,Calama,CL,-22.4667,-68.9333,63.09,11,0,19.57,clear sky
61,Presov,SK,49.1667,21.25,45.52,86,54,5.53,broken clouds
62,Sao Filipe,CV,14.8961,-24.4956,79.38,80,31,3.13,scattered clouds
63,Port-Gentil,GA,-0.7193,8.7815,78.76,89,40,9.22,thunderstorm
64,Chiredzi,ZW,-21.05,31.6667,70.79,48,82,5.19,broken clouds
65,Adiake,CI,5.2863,-3.304,76.32,89,42,6.06,light rain
66,Shahrud,IR,36.4182,54.9763,54.97,49,0,1.57,clear sky
67,Qaqortoq,GL,60.7167,-46.0333,34.59,66,11,30.62,few clouds
68,Bubaque,GW,11.2833,-15.8333,82.0,73,5,3.31,moderate rain
69,Keti Bandar,PK,24.1447,67.4497,78.67,66,32,8.79,scattered clouds
70,Koster,ZA,-25.863,26.8976,60.19,59,34,5.84,scattered clouds
71,Cidreira,BR,-30.1811,-50.2056,63.7,94,21,5.48,few clouds
72,Santa Luzia,BR,-19.7697,-43.8514,68.9,76,100,5.77,overcast clouds
73,Jalingo,NG,8.8833,11.3667,76.42,81,84,3.31,broken clouds
74,Clyde River,CA,70.4692,-68.5914,16.03,79,100,2.3,overcast clouds
75,Husavik,IS,66.0449,-17.3389,33.4,77,100,11.07,overcast clouds
76,Porto Novo,BJ,6.4965,2.6036,80.42,87,33,7.49,scattered clouds
77,Vardo,NO,70.3705,31.1107,33.78,75,75,33.38,broken clouds
78,Namibe,AO,-15.1961,12.1522,63.19,89,24,7.09,few clouds
79,Cascais,PT,38.6979,-9.4215,64.51,97,1,21.0,clear sky
80,Lebu,CL,-37.6167,-73.65,52.32,87,50,8.77,scattered clouds
81,Castro,BR,-24.7911,-50.0119,62.73,92,33,2.53,scattered clouds
82,Pangnirtung,CA,66.1451,-65.7125,16.77,71,72,6.04,broken clouds
83,Parrsboro,CA,45.4001,-64.332,62.26,83,100,1.99,light rain
84,Atar,MR,20.5169,-13.0499,88.14,15,24,7.2,few clouds
85,Hambantota,LK,6.1241,81.1185,78.57,82,100,15.23,overcast clouds
86,Ambilobe,MG,-13.2,49.05,66.87,74,4,5.06,clear sky
87,Koyelga,RU,54.6522,60.9049,39.78,87,100,5.95,overcast clouds
88,Azogues,EC,-2.7333,-78.8333,62.55,93,99,4.27,light rain
89,Saint-Joseph,RE,-21.3667,55.6167,64.78,71,15,7.36,few clouds
90,Punta Arenas,CL,-53.15,-70.9167,42.91,61,0,26.46,light rain
91,Hualmay,PE,-11.0964,-77.6139,62.87,81,56,11.07,broken clouds
92,Tukan,RU,53.8409,57.4552,34.7,100,100,2.37,snow
93,Dabakala,CI,8.3667,-4.4333,73.78,89,35,4.36,scattered clouds
94,Sergeyevka,KZ,53.88,67.4158,39.76,85,100,7.67,overcast clouds
95,Saint-Philippe,RE,-21.3585,55.7679,65.79,72,32,7.78,scattered clouds
96,Vila Velha,BR,-20.3297,-40.2925,71.55,97,100,2.3,overcast clouds
97,Saint Stephen,GB,50.3333,-4.9,57.47,94,100,8.05,overcast clouds
98,Tinos,GR,37.5375,25.1634,64.02,72,20,11.5,few clouds
99,Crestview,US,30.7621,-86.5705,62.08,34,0,6.91,clear sky
100,Ponta Do Sol,PT,32.6667,-17.1,75.83,74,99,8.77,overcast clouds
101,Vila Franca Do Campo,PT,37.7167,-25.4333,64.81,83,100,17.29,light rain
102,Bahia Blanca,AR,-38.7196,-62.2724,70.99,44,93,8.25,overcast clouds
103,Monroe,US,43.1501,-77.6831,43.95,89,100,18.41,overcast clouds
104,Jutai,BR,-5.1833,-68.9,76.98,90,63,2.71,broken clouds
105,Lagoa,PT,39.05,-27.9833,66.0,71,100,24.34,light rain
106,Beisfjord,NO,68.3751,17.5988,43.05,97,99,6.17,overcast clouds
107,Margate,GB,51.3813,1.3862,59.9,87,100,5.99,overcast clouds
108,Pindi Gheb,PK,33.2402,72.2661,71.62,47,49,8.77,scattered clouds
109,Carnarvon,AU,-24.8667,113.6333,66.61,80,7,10.16,clear sky
110,Ostrovnoy,RU,68.0531,39.5131,36.95,70,85,36.91,overcast clouds
111,Mecca,SA,21.4267,39.8261,79.84,54,0,2.62,clear sky
112,Sinfra,CI,6.6167,-5.9167,70.43,99,67,2.15,moderate rain
113,Tasiilaq,GL,65.6145,-37.6368,32.16,94,100,7.29,overcast clouds
114,Jalu,LY,29.0331,21.5482,72.34,49,72,6.33,broken clouds
115,Kavaratti,IN,10.5669,72.642,81.14,78,42,13.35,scattered clouds
116,Mumford,GH,5.2618,-0.759,77.63,88,6,9.91,light rain
117,Redcliffe,AU,-27.2307,153.0973,72.09,78,100,8.05,moderate rain
118,Abu Zabad,SD,12.35,29.25,82.96,43,38,1.1,scattered clouds
119,Semnan,IR,35.5729,53.3971,60.64,41,0,2.3,clear sky
120,Constantine,DZ,36.365,6.6147,62.01,51,0,0.0,clear sky
121,Macapa,BR,0.0389,-51.0664,85.98,74,40,9.22,scattered clouds
122,Mizdah,LY,31.4451,12.9801,60.3,81,12,4.63,few clouds
123,Odesskoye,RU,54.2111,72.9651,41.7,86,100,8.77,overcast clouds
124,Businga,CD,3.3333,20.8833,70.25,99,100,2.64,light rain
125,Nalut,LY,30.3333,10.85,64.2,51,0,9.1,clear sky
126,Nanortalik,GL,60.1432,-45.2371,34.32,81,57,32.37,broken clouds
127,Sicuani,PE,-14.2694,-71.2261,57.63,48,96,8.43,overcast clouds
128,Sambava,MG,-14.2667,50.1667,66.2,84,6,8.93,clear sky
129,Sioux Lookout,CA,50.1001,-91.917,37.47,48,75,4.61,broken clouds
130,Nouakchott,MR,18.0858,-15.9785,80.53,61,0,11.27,clear sky
131,Douentza,ML,14.9951,-2.9517,86.83,18,17,3.87,few clouds
132,Gonbad-E Qabus,IR,37.25,55.1672,66.87,39,0,4.74,clear sky
133,Iqaluit,CA,63.7506,-68.5145,22.73,67,40,16.11,scattered clouds
134,Mao,ES,39.8885,4.2658,70.36,100,75,8.05,broken clouds
135,Ozinki,RU,51.1786,49.6769,50.4,54,100,9.69,overcast clouds
136,Asfi,MA,32.2994,-9.2372,69.22,75,100,5.59,overcast clouds
137,Pratapgarh,IN,24.0333,74.7833,67.69,56,39,6.91,scattered clouds
138,Lodingen,NO,68.414,15.9951,39.34,84,82,4.83,broken clouds
139,Aripuana,BR,-9.1667,-60.6333,75.6,87,98,0.51,overcast clouds
140,Muros,ES,42.7762,-9.0603,60.84,84,25,24.16,scattered clouds
141,Bandundu,CD,-3.3167,17.3667,74.21,84,42,3.89,scattered clouds
142,Melilla,ES,35.2937,-2.9383,70.18,94,100,5.75,overcast clouds
143,Touros,BR,-5.1989,-35.4608,78.03,77,26,19.46,scattered clouds
144,Stornoway,GB,58.2093,-6.3865,47.93,87,77,1.99,broken clouds
145,Torbay,CA,47.6666,-52.7314,55.76,96,100,6.91,overcast clouds
146,Gat,IL,31.61,34.7642,69.4,71,64,1.61,broken clouds
147,Derzhavinsk,KZ,51.1,66.3167,43.43,78,100,12.03,overcast clouds
148,Casablanca,MA,33.5928,-7.6192,69.33,88,100,1.99,overcast clouds
149,Ovalle,CL,-30.5983,-71.2003,62.96,53,23,4.88,few clouds
150,Natal,BR,-5.795,-35.2094,77.65,78,20,11.5,few clouds
151,Conceicao Das Alagoas,BR,-19.9147,-48.3883,78.58,52,65,9.19,broken clouds
152,Axim,GH,4.8699,-2.2405,77.14,87,34,6.89,light rain
153,Kasempa,ZM,-13.4584,25.8338,67.28,36,27,5.53,scattered clouds
154,Lubumbashi,CD,-11.6609,27.4794,66.22,35,12,3.13,few clouds
155,Paamiut,GL,61.994,-49.6678,33.01,64,63,33.02,broken clouds
156,Finnsnes,NO,69.2296,17.9811,38.75,84,100,2.53,overcast clouds
157,Mehamn,NO,71.0357,27.8492,37.31,69,75,29.93,broken clouds
158,Thompson,CA,55.7435,-97.8558,35.76,93,75,5.75,broken clouds
159,Cap Malheureux,MU,-19.9842,57.6142,66.47,72,18,1.99,few clouds
160,Cayenne,GF,4.9333,-52.3333,80.64,83,0,6.91,clear sky
161,Arraial Do Cabo,BR,-22.9661,-42.0278,73.36,88,100,10.36,overcast clouds
162,Marsa Matruh,EG,31.3525,27.2453,69.01,74,0,1.68,clear sky
163,Zwickau,DE,50.7167,12.4833,42.91,87,92,4.36,overcast clouds
164,Dalvik,IS,65.9702,-18.5286,40.93,74,100,7.09,overcast clouds
165,Visnes,NO,59.3556,5.2242,45.21,93,40,2.3,scattered clouds
166,Galateni,RO,44.2167,25.35,53.62,44,1,4.83,clear sky
167,Mabaruma,GY,8.2,-59.7833,76.14,91,40,3.91,scattered clouds
168,Giresun,TR,40.5,38.5,38.5,95,80,7.27,broken clouds
169,Cockburn Town,TC,21.4612,-71.1419,83.07,75,13,9.69,few clouds
170,Ilo,PE,-17.6394,-71.3375,61.72,81,11,8.23,few clouds
171,Belyy Yar,RU,53.6039,91.3903,33.69,90,0,4.47,clear sky
172,Ajdabiya,LY,30.7554,20.2263,70.59,60,100,8.5,overcast clouds
173,Otavi,NA,-19.65,17.3333,72.32,39,55,11.34,broken clouds
174,Caravelas,BR,-17.7125,-39.2481,73.8,78,29,7.61,scattered clouds
175,Oktyabrskiy,RU,54.4815,53.471,42.85,90,100,2.82,overcast clouds
176,Yining,CN,29.0361,114.5636,51.39,51,77,1.57,broken clouds
177,Los Llanos De Aridane,ES,28.6585,-17.9182,65.95,76,75,6.91,broken clouds
178,Shache,CN,38.4167,77.2406,48.7,36,100,7.9,overcast clouds
179,Dubovskoye,RU,47.4092,42.7575,51.17,58,64,5.79,broken clouds
180,Forestville,US,38.8451,-76.875,52.3,57,0,8.05,clear sky
181,Mineros,BO,-17.1167,-63.2333,80.29,66,51,5.7,broken clouds
182,Darnah,LY,32.767,22.6367,68.18,74,18,7.92,few clouds
183,Ipu,BR,-4.3222,-40.7108,86.58,41,100,1.48,overcast clouds
184,Nova Londrina,BR,-22.7658,-52.985,76.6,72,7,1.34,clear sky
185,Jiwani,PK,25.05,61.7417,82.26,54,96,6.04,overcast clouds
186,Yar-Sale,RU,66.8333,70.8333,35.55,92,99,15.9,overcast clouds
187,Port Hawkesbury,CA,45.6169,-61.3485,62.58,100,100,13.8,mist
188,Comodoro Rivadavia,AR,-45.8667,-67.5,67.86,34,100,28.77,overcast clouds
189,Raudeberg,NO,61.9875,5.1352,40.96,63,97,3.49,overcast clouds
190,Vestmannaeyjar,IS,63.4427,-20.2734,44.31,75,100,6.24,overcast clouds
191,Coquimbo,CL,-29.9533,-71.3436,56.93,82,0,9.22,clear sky
192,Greystones,IE,53.1408,-6.0631,56.26,97,100,19.13,overcast clouds
193,Klaksvik,FO,62.2266,-6.589,41.92,70,49,9.53,scattered clouds
194,Talcahuano,CL,-36.7167,-73.1167,53.28,94,100,4.61,overcast clouds
195,Lukovetskiy,RU,64.2956,41.9211,35.13,87,100,11.23,overcast clouds
196,Sept-Iles,CA,50.2001,-66.3821,50.52,99,100,19.57,light intensity drizzle
197,Dudinka,RU,69.4058,86.1778,34.63,98,100,19.37,light snow
198,Sao Paulo De Olivenca,BR,-3.3783,-68.8725,76.46,93,87,2.3,overcast clouds
199,Narsaq,GL,60.9167,-46.05,37.62,64,16,16.44,few clouds
200,Colesberg,ZA,-30.72,25.0972,69.82,46,69,4.72,broken clouds
201,Russkaya Polyana,UA,49.417,31.9201,47.53,82,99,10.47,overcast clouds
202,Taltal,CL,-25.4,-70.4833,62.08,68,17,4.5,few clouds
203,Kibre Mengist,ET,5.8833,38.9833,59.18,98,99,2.19,light rain
204,Platonovka,RU,52.7106,41.952,44.71,93,99,4.61,overcast clouds
205,Algiers,DZ,36.7525,3.042,64.22,63,0,3.44,clear sky
206,Roald,NO,62.5833,6.1333,44.76,76,100,6.91,overcast clouds
207,Maun,BW,-19.9833,23.4167,66.16,72,0,0.0,clear sky
208,Mogadishu,SO,2.0371,45.3438,76.98,83,7,11.92,clear sky
209,Mozarlandia,BR,-14.7447,-50.5706,89.08,25,24,4.97,few clouds
210,Rio Grande,BR,-32.035,-52.0986,62.71,95,9,6.89,clear sky
211,Zilair,RU,52.2332,57.4392,46.0,80,100,11.79,overcast clouds
212,Salalah,OM,17.0151,54.0924,75.29,69,0,4.61,clear sky
213,Isla Mujeres,MX,21.2311,-86.731,77.16,81,100,15.95,moderate rain
214,Maragogi,BR,-9.0122,-35.2225,75.18,81,48,11.05,scattered clouds
215,Vallenar,CL,-28.5708,-70.7581,63.77,41,0,4.7,clear sky
216,Albanel,CA,48.8832,-72.4487,42.94,87,72,4.61,broken clouds
217,Gravdal,NO,68.1214,13.5031,46.29,75,98,4.81,overcast clouds
218,Abu Dhabi,AE,24.4667,54.3667,82.42,82,0,2.3,clear sky
219,Safaga,EG,26.7292,33.9365,79.48,48,71,13.04,broken clouds
220,Wittmund,DE,53.5667,7.7833,47.03,93,100,6.91,overcast clouds
221,Pemba,MZ,-12.974,40.5178,75.34,80,4,9.1,clear sky
222,Bol,TD,13.4586,14.7147,83.35,43,42,11.59,scattered clouds
223,Pisco,PE,-13.7,-76.2167,62.65,77,0,17.27,clear sky
224,Sao Miguel Do Araguaia,BR,-13.275,-50.1628,87.01,29,67,9.42,broken clouds
225,Semey,KZ,50.4111,80.2275,44.82,45,0,13.42,clear sky
226,Hwange,ZW,-18.3693,26.5019,78.75,31,55,6.33,broken clouds
227,Port Shepstone,ZA,-30.7414,30.455,70.81,91,98,18.41,overcast clouds
228,Alot,IN,23.7667,75.55,66.69,59,6,6.29,clear sky
229,Ostersund,SE,63.1792,14.6357,41.61,93,100,17.27,overcast clouds
230,Portsoy,GB,57.6814,-2.6896,48.15,90,99,18.99,overcast clouds
231,Coihaique,CL,-45.5752,-72.0662,53.55,66,75,6.91,broken clouds
232,Nurota,UZ,40.5614,65.6886,46.85,48,1,5.37,clear sky
233,Kapiri Mposhi,ZM,-13.9652,28.6809,69.01,39,7,7.83,clear sky
234,Tafalla,ES,42.5269,-1.6745,65.39,51,100,21.79,overcast clouds
235,Manaure,CO,11.7751,-72.4445,84.92,66,42,11.1,scattered clouds
236,Kapoeta,SS,4.7717,33.5903,80.56,47,77,8.7,broken clouds
237,Pontes E Lacerda,BR,-15.2261,-59.3353,78.73,69,54,3.78,broken clouds
238,Porto Seguro,BR,-16.4497,-39.0647,75.72,78,20,8.05,few clouds
239,Amurrio,ES,43.05,-3.0,69.33,52,100,13.6,light rain
240,Dekar,BW,-21.5333,21.9333,73.9,49,99,6.38,overcast clouds
241,Morondava,MG,-20.2833,44.2833,76.59,85,4,5.73,clear sky
242,Kimparana,ML,12.8347,-4.9244,82.63,27,0,6.58,clear sky
243,Fort-Shevchenko,KZ,44.5086,50.263,63.03,79,100,26.31,overcast clouds
244,Mbandaka,CD,0.0487,18.2603,70.81,98,100,2.62,moderate rain
245,Grindavik,IS,63.8424,-22.4338,39.67,100,75,11.5,light intensity drizzle
246,Codrington,AU,-38.2667,141.9667,58.21,78,11,9.86,few clouds
247,Jacmel,HT,18.2342,-72.5347,84.04,85,19,2.82,light rain
248,Bosaso,SO,11.2842,49.1816,79.75,61,5,4.34,clear sky
249,Santa Cruz De Tenerife,ES,28.4682,-16.2546,75.45,62,0,5.01,clear sky
250,Adre,TD,13.4667,22.2,79.38,27,24,4.47,few clouds
251,Goderich,CA,43.7501,-81.7165,42.91,81,100,18.41,moderate rain
252,Souillac,MU,-20.5167,57.5167,68.38,73,40,3.44,scattered clouds
253,Beira,MZ,-19.8436,34.8389,78.89,78,20,11.5,few clouds
254,Puerto Carreno,CO,6.189,-67.4859,78.78,94,20,4.61,few clouds
255,Pag,HR,44.445,15.0575,64.98,75,11,17.29,few clouds
256,Rovaniemi,FI,66.5,25.7167,35.01,93,0,6.91,clear sky
257,Llangefni,GB,53.2556,-4.3106,57.06,82,100,10.36,overcast clouds
258,Talnakh,RU,69.4865,88.3972,34.21,97,100,13.47,light snow
259,Taoudenni,ML,22.6783,-3.9836,85.86,16,84,13.29,broken clouds
260,Harper,LR,4.375,-7.7169,76.39,88,91,6.13,light rain
261,Vuktyl,RU,63.8567,57.3094,33.22,83,100,10.22,overcast clouds
262,Jaristea,RO,45.7833,27.0667,52.74,62,91,7.25,overcast clouds
263,Marawi,PH,7.9986,124.2928,72.61,90,100,2.15,overcast clouds
264,Santiago Del Estero,AR,-27.7951,-64.2615,74.14,50,95,5.73,overcast clouds
265,Grand Gaube,MU,-20.0064,57.6608,68.4,72,21,1.99,few clouds
266,Talara,PE,-4.5772,-81.2719,65.16,77,0,19.57,clear sky
267,Santa Cruz Cabralia,BR,-16.2781,-39.0247,75.43,78,20,8.05,few clouds
268,Manjacaze,MZ,-24.7117,33.8828,65.77,95,4,3.94,clear sky
269,Umm Lajj,SA,25.0213,37.2685,81.55,63,0,5.12,clear sky
270,Arkhangelsk,RU,64.5401,40.5433,37.51,86,100,15.66,overcast clouds
271,Ballaghaderreen,IE,53.9,-8.5833,52.83,98,100,5.01,overcast clouds
272,Halifax,CA,44.6453,-63.5724,66.09,97,100,18.41,overcast clouds
273,Mananjary,MG,-21.2167,48.3333,69.64,82,80,2.42,light rain
274,Nouadhibou,MR,20.931,-17.0347,76.98,53,0,16.11,clear sky
275,Opuwo,NA,-18.0607,13.84,70.84,29,18,2.39,few clouds
276,Dingle,PH,10.9995,122.6711,78.66,86,100,1.86,moderate rain
277,Puerto Narino,CO,-3.7703,-70.3831,75.45,96,100,1.32,moderate rain
278,Rawson,AR,-43.3002,-65.1023,73.36,32,77,2.28,broken clouds
279,Traverse City,US,44.7631,-85.6206,39.27,88,75,8.01,broken clouds
280,Ancud,CL,-41.8697,-73.8203,52.23,86,98,12.39,overcast clouds
281,Beloha,MG,-25.1667,45.05,70.41,71,1,12.8,clear sky
282,Dale,US,38.1689,-86.99,50.72,27,0,6.91,clear sky
283,Xai-Xai,MZ,-25.0519,33.6442,70.09,90,2,5.95,clear sky
284,Sozimskiy,RU,59.7418,52.2482,32.31,93,48,7.52,scattered clouds
285,Murgab,TM,37.4966,61.9714,48.07,87,0,4.61,clear sky
286,Bolobo,CD,-2.1667,16.2333,74.05,88,95,2.42,overcast clouds
287,Zhavoronki,RU,55.6497,37.1042,42.82,81,75,8.95,broken clouds
288,Sortavala,RU,61.7053,30.6918,36.55,89,96,6.76,overcast clouds
289,Kargat,RU,55.1956,80.2811,41.47,72,100,11.32,overcast clouds
290,Bonfim,BR,3.0833,-59.95,80.31,78,100,6.73,overcast clouds
291,Vagur,FO,61.4732,-6.8119,45.81,70,28,13.67,scattered clouds
292,Awbari,LY,26.5921,12.7805,68.88,42,22,5.39,few clouds
293,Wanlaweyn,SO,2.6185,44.8938,74.75,84,8,8.1,clear sky
294,Saint-Paul,RE,-21.0096,55.2707,69.89,79,50,3.18,scattered clouds
295,Villefranche-Sur-Saone,FR,45.9833,4.7167,66.74,84,78,5.41,broken clouds
296,Bukoba,TZ,-1.3317,31.8122,66.51,80,96,5.06,overcast clouds
297,Riyadh,SA,24.6877,46.7219,71.74,15,3,3.74,clear sky
298,Suhut,TR,38.5311,30.5458,58.66,64,81,2.33,broken clouds
299,Boddam,GB,57.4667,-1.7833,50.38,75,100,18.45,overcast clouds
300,Olinda,BR,-8.0089,-34.8553,78.53,69,40,10.36,scattered clouds
301,Richards Bay,ZA,-28.783,32.0377,71.92,82,96,11.79,overcast clouds
302,Arlit,NE,18.7369,7.3853,79.57,21,0,18.25,clear sky
303,Sisimiut,GL,66.9395,-53.6735,22.86,81,85,7.38,overcast clouds
304,Khorramshahr,IR,30.4397,48.1664,71.56,56,14,2.3,few clouds
305,Maniitsoq,GL,65.4167,-52.9,25.43,66,26,10.67,scattered clouds
306,Oktyabrskoye,RU,43.0645,44.7417,46.54,100,69,4.47,fog
307,Auburn,US,47.3073,-122.2284,71.74,61,75,5.75,haze
308,Ekibastuz,KZ,51.6667,75.3667,41.2,90,100,24.96,overcast clouds
309,Sovetskiy,RU,61.3614,63.5842,33.04,93,76,6.8,broken clouds
310,Kologriv,RU,58.8275,44.3178,33.22,94,50,4.05,scattered clouds
311,Bikaner,IN,28.0167,73.3,76.59,26,0,11.18,clear sky
312,Kostomuksha,RU,64.571,30.5767,35.02,91,100,9.53,overcast clouds
313,Laguna,US,38.421,-121.4238,93.15,25,0,8.05,clear sky
314,Cubuk,TR,40.2386,33.0322,54.77,93,14,3.44,few clouds
315,Tatawin,TN,32.9297,10.4518,64.89,78,0,1.86,clear sky
316,Karaidel,RU,55.8337,56.9069,38.93,92,100,2.46,overcast clouds
317,Agirish,RU,61.9247,63.0231,34.45,86,96,9.48,overcast clouds
318,Sao Joao Da Barra,BR,-21.6403,-41.0511,75.29,84,90,20.31,moderate rain
319,Cavaillon,FR,43.8312,5.0359,67.39,88,100,2.3,overcast clouds
320,Santiago De Compostela,ES,42.8805,-8.5457,58.51,82,75,18.41,broken clouds
321,Sandnessjoen,NO,66.0217,12.6316,43.65,95,100,5.99,overcast clouds
322,Ondjiva,AO,-17.0667,15.7333,77.25,41,97,7.7,overcast clouds
323,Umm Kaddadah,SD,13.6017,26.6876,83.82,22,5,13.76,clear sky
324,Adrar,MR,20.5022,-10.0711,86.92,13,39,8.41,scattered clouds
325,Aleksandrov Gay,RU,50.147,48.5704,51.26,61,100,9.84,overcast clouds
326,Road Town,VG,18.4167,-64.6167,84.29,89,20,4.61,few clouds
327,Carutapera,BR,-1.195,-46.02,79.63,78,97,11.01,overcast clouds
328,Puerto Madryn,AR,-42.7692,-65.0385,73.49,40,32,8.05,scattered clouds
329,Antalaha,MG,-14.9003,50.2788,67.69,79,50,6.11,scattered clouds
330,Itaituba,BR,-4.2761,-55.9836,77.63,86,76,2.68,moderate rain
331,Pimentel,PE,-6.8367,-79.9342,64.69,72,0,23.02,clear sky
332,Felipe Carrillo Puerto,MX,19.5833,-88.05,73.54,98,96,6.13,light rain
333,Oregon,US,44.0001,-120.5014,73.22,11,0,6.78,clear sky
334,Cervo,ES,43.6702,-7.4101,60.96,69,38,10.6,scattered clouds
335,Rorvik,NO,64.8621,11.2373,44.71,87,100,10.36,light rain
336,Andenes,NO,69.3143,16.1194,40.98,81,100,11.5,overcast clouds
337,Skerries,IE,53.5828,-6.1083,56.48,90,100,20.89,overcast clouds
338,Padre Bernardo,BR,-15.35,-48.5,86.72,24,42,3.94,scattered clouds
339,Faget,RO,45.85,22.1833,52.56,65,32,0.31,scattered clouds
340,Montevideo,UY,-34.8335,-56.1674,62.31,85,0,11.99,clear sky
341,Ronne,DK,55.1009,14.7066,35.51,93,4,2.3,clear sky
342,Omboue,GA,-1.5746,9.2618,76.84,89,96,8.79,light rain
343,Tazovskiy,RU,67.4667,78.7,36.0,88,100,16.91,light rain
344,Ust-Ishim,RU,57.6935,71.1665,39.31,90,100,5.12,overcast clouds
345,Zaozerne,UA,45.1582,33.2787,58.42,79,68,14.07,broken clouds
346,Walvis Bay,NA,-22.9575,14.5053,61.09,88,23,4.61,few clouds
347,Lundazi,ZM,-12.2929,33.1782,68.97,51,31,10.85,scattered clouds
348,Necochea,AR,-38.5473,-58.7368,64.81,67,91,14.92,overcast clouds
349,Villarrica,PY,-25.75,-56.4333,67.55,99,100,5.12,overcast clouds
350,Amapa,BR,1.0,-52.0,73.96,92,91,3.36,overcast clouds
351,Maarianhamina,AX,60.0973,19.9348,44.46,81,0,5.75,clear sky
352,Westport,US,41.1415,-73.3579,51.78,62,0,9.22,clear sky
353,Salo,IT,45.6086,10.531,62.69,70,18,5.86,few clouds
354,Kulhudhuffushi,MV,6.6221,73.07,80.89,79,80,17.34,light rain
355,Oranjemund,NA,-28.55,16.4333,59.05,95,15,7.43,few clouds
356,Chancay,PE,-11.5714,-77.2672,61.99,83,59,8.48,broken clouds
357,Sackville,CA,45.9188,-64.3846,57.78,95,100,13.02,overcast clouds
358,Faya,SA,18.3851,42.4509,57.72,41,0,5.03,clear sky
359,Solt,HU,46.8007,18.9999,48.38,73,0,7.27,clear sky
360,Zaporizhzhya,UA,47.8167,35.1833,52.9,84,100,5.21,overcast clouds
361,Tkibuli,GE,42.3477,42.9981,54.64,87,97,3.65,overcast clouds
362,Ponta Delgada,PT,37.7333,-25.6667,65.12,82,75,11.5,shower rain
363,Inhambane,MZ,-23.865,35.3833,70.95,83,49,7.85,scattered clouds
364,Bilma,NE,18.6853,12.9164,76.55,23,0,9.48,clear sky
365,Fuerte Olimpo,PY,-21.0415,-57.8738,80.24,66,36,2.8,scattered clouds
366,Rusne,LT,55.2964,21.3758,44.33,75,53,6.4,broken clouds
367,Hobyo,SO,5.3505,48.5268,77.63,83,55,17.25,broken clouds
368,Sur,OM,22.5667,59.5289,80.8,37,100,3.71,overcast clouds
369,Altamira,BR,-3.2033,-52.2064,77.58,81,86,3.11,overcast clouds
370,Saldanha,ZA,-33.0117,17.9442,57.25,89,66,10.85,broken clouds
371,Calvinia,ZA,-31.4707,19.776,64.06,49,32,5.91,scattered clouds
372,Witu,KE,-2.3889,40.4382,73.56,89,22,8.63,few clouds
373,Tocopilla,CL,-22.092,-70.1979,63.01,70,16,9.89,few clouds
374,Kusti,SD,13.1629,32.6635,81.1,60,29,7.36,scattered clouds
375,Kabo,CF,7.6994,18.629,72.54,88,100,2.21,overcast clouds
376,Lerwick,GB,60.1545,-1.1494,44.6,63,100,9.55,overcast clouds
377,Tenenkou,ML,14.4572,-4.9169,85.62,19,51,4.63,broken clouds
378,Marovoay,MG,-16.1,46.6333,71.1,72,0,4.41,clear sky
379,Maldonado,UY,-34.6667,-54.9167,64.22,92,80,9.46,broken clouds
380,Ciudad Bolivar,VE,8.1222,-63.5497,86.72,55,97,6.62,overcast clouds
381,Dniprovka,UA,47.4295,34.618,54.68,82,100,7.47,overcast clouds
382,Kibaya,TZ,-5.3,36.5667,56.3,87,79,5.93,broken clouds
383,Imbituba,BR,-28.24,-48.6703,65.12,94,20,0.89,few clouds
384,Buraydah,SA,26.326,43.975,70.25,13,1,7.85,clear sky
385,Bafut,CM,6.0833,10.1,64.71,95,100,0.96,overcast clouds
386,Port Blair,IN,11.6667,92.75,79.75,80,90,10.38,overcast clouds
387,Bonthe,SL,7.5264,-12.505,76.62,89,75,1.74,light rain
388,Saint-Leu,RE,-21.15,55.2833,68.83,72,20,7.72,few clouds
389,Chabahar,IR,25.2919,60.643,81.54,56,93,3.42,overcast clouds
390,Mbuji-Mayi,CD,-6.15,23.6,69.89,94,100,3.78,moderate rain
391,Camargo,MX,27.6667,-105.1667,66.31,56,93,1.74,overcast clouds
392,Baihar,IN,22.1,80.55,62.55,78,0,2.46,clear sky
393,Zhanakorgan,KZ,43.9098,67.2495,45.9,40,56,7.56,broken clouds
394,Eydhafushi,MV,5.1033,73.0708,80.85,78,93,16.53,overcast clouds
395,Brigantine,US,39.4101,-74.3646,52.02,63,0,4.61,clear sky
396,Trinidad,BO,-14.8333,-64.9,75.18,94,75,2.3,broken clouds
397,Cartagena,CO,10.3997,-75.5144,83.82,79,75,4.61,broken clouds
398,Itarema,BR,-2.9248,-39.9167,79.23,80,44,17.43,scattered clouds
399,Riosucio,CO,5.4216,-75.7032,60.96,99,99,2.04,overcast clouds
400,Pudozh,RU,61.8099,36.5345,37.56,83,98,6.76,overcast clouds
401,Santa Marta,CO,11.2408,-74.199,84.25,84,40,3.44,light rain
402,Arroio Grande,BR,-32.2375,-53.0869,60.64,94,58,7.58,broken clouds
403,Havoysund,NO,70.9963,24.6622,37.63,77,100,27.58,light rain
404,Porteirinha,BR,-15.7433,-43.0283,81.43,27,11,9.55,few clouds
405,Veraval,IN,20.9,70.3667,78.01,53,7,8.61,clear sky
406,Beyneu,KZ,45.3167,55.2,52.45,43,27,13.42,scattered clouds
407,Sao Jose Da Coroa Grande,BR,-8.8978,-35.1478,75.18,82,30,11.61,scattered clouds
408,Kasangulu,CD,-4.5911,15.1708,74.93,75,63,5.35,broken clouds
409,Ayagoz,KZ,47.9714,80.4392,38.84,59,100,11.61,overcast clouds
410,Kauhajoki,FI,62.4333,22.1833,39.18,85,96,6.91,overcast clouds
411,Sistranda,NO,63.7256,8.834,44.56,77,100,18.79,overcast clouds
412,Benton Harbor,US,42.1167,-86.4542,45.1,52,75,13.8,broken clouds
413,Bruck An Der Leitha,AT,48.0167,16.7667,52.45,77,0,3.44,clear sky
414,Turukhansk,RU,65.8167,87.9833,33.03,97,100,17.56,overcast clouds
415,Gien,FR,47.6933,2.6309,60.55,68,100,8.23,overcast clouds
416,Namestovo,SK,49.4079,19.4803,45.97,93,73,2.8,broken clouds
417,Visby,SE,57.6409,18.296,45.82,76,93,8.05,overcast clouds
418,Marsala,IT,37.7966,12.4352,65.93,88,20,2.3,few clouds
419,Kuopio,FI,62.8924,27.677,39.15,87,0,9.22,clear sky
420,Chokwe,MZ,-24.5333,32.9833,69.89,78,2,4.56,clear sky
421,Kruisfontein,ZA,-34.0033,24.7314,69.89,85,98,22.1,overcast clouds
422,Izazi,TZ,-7.2,35.7333,73.02,49,64,4.25,broken clouds
423,Zomba,MW,-15.386,35.3188,67.96,67,33,3.89,scattered clouds
424,Tabou,CI,4.423,-7.3528,76.26,89,92,6.24,light rain
425,Uusikaupunki,FI,60.8004,21.4084,47.21,72,100,18.03,overcast clouds
426,Pombas,CV,17.1503,-25.0201,76.78,80,13,13.38,few clouds
427,Gayeri,BF,12.6497,0.4931,83.23,34,97,6.53,overcast clouds
428,Mbanza-Ngungu,CD,-5.25,14.8667,71.37,81,44,8.59,scattered clouds
429,Henties Bay,NA,-22.116,14.2845,59.07,87,98,9.31,overcast clouds
430,Pitkyaranta,RU,61.5734,31.4792,37.8,84,98,8.84,overcast clouds
431,San Cristobal,VE,7.7669,-72.225,75.38,96,96,1.72,overcast clouds
432,Matay,EG,28.419,30.7792,70.38,48,0,7.96,clear sky
433,Peterhead,GB,57.5058,-1.7981,50.4,76,100,18.1,overcast clouds
434,Aswan,EG,24.0934,32.907,78.1,33,0,9.22,clear sky
435,Mocuba,MZ,-16.8392,36.9856,71.01,96,41,4.12,scattered clouds
436,Bloemfontein,ZA,-29.1211,26.214,65.68,72,69,12.66,broken clouds
437,Nsunga,TZ,-1.1439,31.3947,63.12,90,94,2.1,overcast clouds
438,Luanda,AO,-8.8368,13.2343,77.0,83,75,8.05,broken clouds
439,Kerewan,GM,13.4898,-16.0888,80.24,83,9,5.5,clear sky
440,Eyl,SO,7.9803,49.8164,77.85,83,25,11.43,scattered clouds
441,Severomorsk,RU,69.0689,33.4162,34.2,63,96,21.85,overcast clouds
442,Obidos,BR,-1.9175,-55.5181,80.76,73,93,3.38,overcast clouds
443,Krasnoselkup,RU,65.7,82.4667,35.92,97,100,19.57,overcast clouds
444,Patacamaya,BO,-17.2333,-67.9167,53.51,48,43,7.14,scattered clouds
445,Saint-Francois,FR,46.4154,3.9054,58.68,94,0,2.3,clear sky
446,Rognan,NO,67.0953,15.3878,44.06,96,100,4.09,overcast clouds
447,Pottsville,US,40.6857,-76.1955,45.75,67,77,1.01,broken clouds
448,Dinar,TR,38.065,30.1656,53.56,67,5,2.59,clear sky
449,Maues,BR,-3.3836,-57.7186,76.64,87,88,2.15,overcast clouds
450,Atbasar,KZ,51.8,68.3333,43.3,82,100,14.85,overcast clouds
451,Santa Rosa,PH,14.3122,121.1114,79.09,91,100,3.51,overcast clouds
452,Panyutyne,UA,48.9333,36.2833,47.59,91,100,5.99,overcast clouds
453,Nicolas Bravo,MX,18.45,-88.9167,74.73,96,45,4.79,light rain
454,Oranzherei,RU,45.8476,47.5663,60.03,88,100,4.92,overcast clouds
455,Barabinsk,RU,55.3571,78.357,42.06,77,100,12.39,overcast clouds
456,Sorland,NO,67.667,12.6934,40.86,69,97,9.42,overcast clouds
457,Changji,CN,44.0167,87.3167,45.39,87,0,2.24,clear sky
458,Mahibadhoo,MV,3.7833,72.9667,81.43,76,83,14.03,broken clouds
459,Teeli,RU,51.0333,90.2333,25.93,69,40,2.26,scattered clouds
460,Navahrudak,BY,53.6,25.8333,35.13,80,6,11.9,clear sky
461,Zhovtneve,UA,50.6637,24.2492,40.96,85,49,11.3,scattered clouds
462,Vilcun,CL,-38.65,-72.2333,47.14,69,37,4.81,scattered clouds
463,Malpe,IN,13.35,74.7167,76.3,94,100,3.96,overcast clouds
464,Jinka,ET,5.65,36.65,62.67,87,70,3.98,light rain
465,Takoradi,GH,4.8845,-1.7554,76.98,88,30,7.63,light rain
466,Watertown,US,42.3709,-71.1828,51.66,59,0,12.66,clear sky
467,Mahon,ES,39.8885,4.2658,70.36,100,75,8.05,broken clouds
468,Gayny,RU,60.3071,54.3241,33.85,92,90,7.78,overcast clouds
469,Dwarka,IN,22.2394,68.9678,79.36,58,4,5.82,clear sky
470,Qandala,SO,11.472,49.8728,79.93,66,4,3.83,clear sky
471,Moose Factory,CA,51.2585,-80.6094,37.4,93,0,6.91,clear sky
472,Dasoguz,TM,41.8363,59.9666,48.15,61,0,9.22,clear sky
473,Matagami,CA,49.7502,-77.6328,37.51,93,75,2.3,broken clouds
474,Bama,NG,11.5221,13.6856,77.86,34,42,2.93,scattered clouds
475,Khor,RU,47.8861,134.9464,38.37,69,54,8.68,broken clouds
476,Gwalior,IN,26.2236,78.1792,70.65,55,3,6.82,clear sky
477,Lac-Megantic,CA,45.5834,-70.8823,41.56,76,42,3.56,scattered clouds
478,Marienburg,PL,54.0359,19.0266,43.84,67,57,6.85,broken clouds
479,Narasannapeta,IN,18.4167,84.05,74.95,89,64,5.64,broken clouds
480,Puerto Colombia,CO,10.9878,-74.9547,77.09,79,29,12.84,scattered clouds
481,Duque De Caxias,BR,-22.7856,-43.3117,75.09,88,75,5.75,broken clouds
482,Sal Rei,CV,16.1833,-22.9167,77.99,83,7,13.42,clear sky
483,Edemissen,DE,52.387,10.2614,47.75,81,100,1.99,overcast clouds
484,Semibratovo,RU,57.3046,39.5369,37.26,87,91,5.12,overcast clouds
485,Deshnok,IN,27.7986,73.3447,76.14,27,0,11.36,clear sky
486,Sokolo,ML,14.7328,-6.1219,87.89,17,52,5.99,broken clouds
487,San Luis,AR,-33.295,-66.3356,60.4,73,87,4.59,overcast clouds
488,Valjevo,RS,44.2751,19.8982,46.8,79,2,6.15,clear sky
489,Dosso,NE,13.049,3.1937,83.07,23,91,3.33,overcast clouds
490,Novobirilyussy,RU,56.9514,90.6661,36.23,96,100,6.67,overcast clouds
491,Gornopravdinsk,RU,60.05,69.9,39.65,92,100,6.55,overcast clouds
492,Krasnaya Gorka,RU,55.1962,56.6673,42.26,92,100,1.86,overcast clouds
493,Masvingo,ZW,-20.0637,30.8277,64.22,54,27,5.01,scattered clouds
494,Bolanos De Calatrava,ES,38.9069,-3.6635,65.73,66,100,0.31,overcast clouds
495,Marystown,CA,47.1666,-55.1483,56.07,92,58,14.9,broken clouds
496,Novobelokatay,RU,55.7062,58.9549,37.6,97,100,3.36,overcast clouds
497,Am Timan,TD,11.0297,20.2827,78.55,51,12,1.92,few clouds
498,Peniche,PT,39.3558,-9.3811,61.29,92,0,17.31,clear sky
499,San Lazaro,BZ,18.0387,-88.6622,76.98,91,68,6.53,moderate rain
500,Sao Sebastiao,BR,-23.76,-45.4097,71.22,93,31,5.32,scattered clouds
501,Saint Anthony,US,45.0205,-93.218,48.13,27,100,11.5,overcast clouds
502,Tessalit,ML,20.1986,1.0114,80.87,21,27,9.1,scattered clouds
503,Saint-Augustin,CA,51.226,-58.6502,51.73,86,97,13.42,overcast clouds
504,Krasnovishersk,RU,60.4078,57.082,32.45,92,86,5.93,overcast clouds
505,Olafsvik,IS,64.8945,-23.7142,44.74,82,100,18.63,overcast clouds
506,Kipini,KE,-2.5257,40.5262,73.69,84,28,13.27,scattered clouds
507,Kushmurun,KZ,52.4503,64.6311,44.13,69,100,7.72,overcast clouds
508,Jati,PK,24.3539,68.2671,75.58,73,48,7.9,scattered clouds
509,Pathanamthitta,IN,9.2667,76.7833,76.73,97,83,1.66,broken clouds
510,Belle Glade,US,26.6845,-80.6676,64.02,66,100,9.82,overcast clouds
511,Lichinga,MZ,-13.3128,35.2406,62.69,72,0,10.36,clear sky
512,Prestea,GH,5.4327,-2.1428,73.17,98,93,3.0,light rain
513,Chimbote,PE,-9.0853,-78.5783,62.13,82,74,11.18,broken clouds
514,Solenzo,BF,12.1833,-4.0833,80.87,47,15,4.45,few clouds
515,Mikkeli,FI,61.6886,27.2723,39.31,87,75,9.22,broken clouds
516,Tortoli,IT,39.9256,9.6572,64.22,82,20,8.05,few clouds
517,Ibotirama,BR,-12.1853,-43.2206,84.85,23,28,4.9,scattered clouds
518,Les Escoumins,CA,48.1111,-69.0236,42.15,86,99,10.45,overcast clouds
519,Costa Rica,BR,-23.4167,-54.65,72.34,89,31,4.76,scattered clouds
520,Rio Gallegos,AR,-51.6226,-69.2181,55.45,9,75,18.41,broken clouds
521,Manyana,BW,-23.4,21.7167,72.28,40,32,6.26,scattered clouds
522,Niamey,NE,13.5137,2.1098,86.29,28,81,2.3,broken clouds
523,Bayonne,FR,43.3333,-1.4167,66.07,88,100,4.61,overcast clouds
524,Bonito,BR,-21.1211,-56.4819,75.94,77,67,2.46,broken clouds
525,Boa Vista,BR,2.8197,-60.6733,75.18,88,40,4.61,light rain
526,Insch,GB,57.3427,-2.6132,49.21,91,100,11.01,overcast clouds
527,Alta Floresta,BR,-9.8756,-56.0861,73.81,85,95,2.82,moderate rain
528,Bafia,CM,4.75,11.2333,70.21,99,100,2.04,light rain
529,Muravlenko,RU,63.7898,74.523,36.3,97,100,13.67,overcast clouds
530,Marsh Harbour,BS,26.5412,-77.0636,76.84,77,100,13.11,overcast clouds
531,Shipunovo,RU,52.1582,82.2173,44.6,44,100,18.16,overcast clouds
532,Charleston,US,32.7766,-79.9309,56.01,66,20,3.44,few clouds
533,Nizwa,OM,22.9333,57.5333,72.97,23,65,1.68,broken clouds
534,Ilabaya,PE,-17.4208,-70.5133,64.76,55,3,2.44,clear sky
535,Volot,RU,57.9278,30.7025,33.55,95,21,5.64,few clouds
536,Balotra,IN,25.8333,72.2333,77.2,31,14,7.36,few clouds
537,Chapada Dos Guimaraes,BR,-15.4606,-55.7497,76.66,40,37,3.09,scattered clouds
538,Aktau,KZ,43.65,51.2,57.78,69,100,23.44,overcast clouds
539,Vieux Fort,LC,13.7167,-60.95,81.72,78,40,14.97,scattered clouds
540,Canto Do Buriti,BR,-8.11,-42.9444,87.75,33,80,6.17,broken clouds
541,Zanjan,IR,36.6736,48.4787,55.36,55,11,6.58,few clouds
542,Mikhaylovka,RU,50.06,43.2379,50.7,74,100,5.14,overcast clouds
543,Oxapampa,PE,-10.5775,-75.4017,61.21,97,84,1.32,broken clouds
544,Nantucket,US,41.2835,-70.0995,53.71,62,20,17.27,few clouds
545,Manta,EC,-0.95,-80.7333,71.38,83,100,10.36,overcast clouds
546,Akcaabat,TR,41.0212,39.5715,66.07,88,75,4.61,broken clouds
547,Kamenka,RU,51.3223,42.7678,47.59,85,100,8.05,overcast clouds
548,Skopin,RU,53.8249,39.5505,46.27,95,100,4.65,overcast clouds
549,Biltine,TD,14.5333,20.9167,82.72,22,2,8.61,clear sky
550,Cabras,IT,39.93,8.5314,64.74,83,0,4.9,clear sky
551,Kondinskoye,RU,59.6481,67.41,36.52,96,99,6.82,overcast clouds
552,Fili,RU,55.7425,37.4856,43.48,82,99,7.47,overcast clouds
553,Chhabra,IN,24.6667,76.8333,66.97,64,1,6.06,clear sky
554,Tucurui,BR,-3.7661,-49.6725,82.44,57,58,2.35,broken clouds
555,Nijar,ES,36.9665,-2.206,67.66,94,100,2.3,overcast clouds
556,Dapaong,TG,10.8639,0.205,78.55,55,17,3.24,few clouds
557,Viedma,AR,-40.8135,-62.9967,72.5,44,93,15.37,overcast clouds
558,Ilebo,CD,-4.3167,20.5833,70.65,98,97,2.46,overcast clouds
559,Mwene-Ditu,CD,-7.0,23.45,66.22,94,100,0.47,overcast clouds
560,Sainte-Suzanne,RE,-20.9061,55.6089,69.98,82,100,6.91,overcast clouds
561,Kosa,RU,59.9445,54.9977,31.44,95,36,7.18,scattered clouds
562,Matara,LK,5.9485,80.5353,76.91,89,100,10.36,heavy intensity rain
563,Moengo,SR,5.6167,-54.4,78.24,83,64,5.64,broken clouds
564,Mahuta,TZ,-10.8667,39.45,62.26,98,58,3.78,broken clouds
565,Xuddur,SO,4.1213,43.8894,71.67,82,34,9.46,scattered clouds
566,Dabat,ET,12.9842,37.765,55.24,76,96,2.68,light rain
567,Brae,GB,60.3964,-1.353,45.19,64,100,8.48,overcast clouds
568,Rumonge,BI,-3.9736,29.4386,71.76,88,100,12.64,light rain
569,Ravar,IR,31.2656,56.8055,64.11,33,3,2.62,clear sky
570,San Juan,AR,-31.5375,-68.5364,67.89,43,82,5.61,broken clouds
571,Tripoli,LY,32.8752,13.1875,71.96,61,6,2.77,clear sky
572,Bengkulu,ID,-3.8004,102.2655,73.87,92,100,2.37,overcast clouds
573,Mankono,CI,8.0586,-6.1897,71.19,93,54,2.28,broken clouds
574,Silao,MX,20.9333,-101.4333,76.14,49,75,4.61,broken clouds
575,Kabale,UG,-1.2486,29.9899,58.5,96,100,2.77,overcast clouds
576,Kurchum,KZ,48.5722,83.6542,39.79,56,100,6.24,overcast clouds
577,Usvyaty,RU,55.7456,30.7533,39.34,87,100,14.5,overcast clouds
578,Madhupur,IN,24.25,86.65,68.83,65,0,5.7,clear sky
579,Wisconsin Rapids,US,44.3836,-89.8174,43.09,48,0,4.61,clear sky
580,Krasnoarmeysk,RU,51.0239,45.6969,50.4,66,100,6.17,overcast clouds
581,Mega,ET,4.05,38.3,59.86,76,27,7.43,scattered clouds
582,Cadillac,US,44.2519,-85.4012,35.8,80,100,5.75,overcast clouds
583,Kosh-Agach,RU,50.0,88.6667,21.94,67,70,3.29,broken clouds
584,Agliana,IT,43.9066,11.0062,67.32,92,3,4.0,clear sky
585,Acarau,BR,-2.8856,-40.12,79.48,79,42,18.03,scattered clouds
586,Presidente Epitacio,BR,-21.7633,-52.1156,77.79,66,2,6.24,clear sky
587,Concarneau,FR,47.875,-3.9225,63.82,91,100,7.92,light rain
588,Fonte Boa,BR,-2.4959,-66.2662,74.98,98,100,3.15,overcast clouds
589,Omidiyeh,IR,30.7597,49.705,80.06,24,75,2.26,broken clouds
590,Krasnoye,UA,49.9145,24.6134,40.91,89,73,9.26,broken clouds
591,Macau,MO,22.2006,113.5461,73.2,68,40,16.11,scattered clouds
592,Estelle,US,29.8458,-90.1067,62.01,34,0,0.0,clear sky
593,Parry Sound,CA,45.3501,-80.033,41.05,87,100,10.56,moderate rain
594,Maridi,SS,4.9158,29.4742,68.02,91,99,1.86,overcast clouds
595,Druzhba,UA,52.0428,33.9453,39.99,83,45,11.1,light rain
596,Bonavista,CA,48.6499,-53.1147,53.01,89,8,11.12,clear sky
597,Lokosovo,RU,61.1333,74.8167,38.97,90,100,9.82,overcast clouds
598,Rocha,UY,-34.4833,-54.3333,57.31,98,37,7.2,scattered clouds
599,Farsund,NO,58.0948,6.8047,46.94,100,44,4.72,scattered clouds
600,Praia Da Vitoria,PT,38.7333,-27.0667,62.85,88,40,22.12,scattered clouds
601,Wesselsbron,ZA,-27.8549,26.3658,65.61,59,93,5.53,overcast clouds
602,Pokhara,NP,28.2333,83.9833,58.55,58,0,6.58,clear sky
603,Kamina,CD,-8.7386,24.9906,64.49,90,88,4.0,light rain
604,Carballo,ES,43.213,-8.691,60.22,86,54,11.81,broken clouds
605,Valreas,FR,44.3837,4.9908,62.62,92,43,3.36,scattered clouds
606,Uyuni,BO,-20.4597,-66.825,44.15,18,0,12.55,clear sky
607,Neuquen,AR,-38.9516,-68.0591,73.29,46,20,3.44,few clouds
608,Nisia Floresta,BR,-6.0911,-35.2086,77.81,76,23,12.59,few clouds
609,Livingstone,ZM,-17.8419,25.8543,69.89,48,43,4.61,scattered clouds
610,Burgeo,CA,47.6167,-57.6152,55.63,93,98,21.36,overcast clouds
611,Berga,NO,60.392,5.328,39.15,98,1,1.14,clear sky
612,Kenitra,MA,34.261,-6.5802,63.36,70,100,3.0,overcast clouds
613,Weligama,LK,5.9667,80.4167,77.45,88,100,11.74,heavy intensity rain
614,Pala,TD,9.3642,14.9046,73.6,79,64,3.78,broken clouds
615,Caluquembe,AO,-13.7833,14.6833,66.83,70,93,2.08,overcast clouds
616,Bilaspur,IN,22.0833,82.15,64.96,68,1,5.41,clear sky
617,Hurghada,EG,27.2574,33.8129,77.04,38,0,11.5,clear sky
618,Zasheyek,RU,67.4066,32.5499,30.94,86,95,12.01,overcast clouds
619,Nyagan,RU,62.1406,65.3936,34.92,87,90,7.45,overcast clouds
620,Montmagny,FR,48.9734,2.3469,62.24,93,0,13.8,clear sky
621,Quatre Cocos,MU,-20.2078,57.7625,68.11,68,50,11.07,scattered clouds
622,Yaya,RU,56.206,86.44,37.22,78,98,11.48,overcast clouds
623,Kashary,RU,49.04,41.0056,49.19,63,100,3.53,overcast clouds
624,Tobermory,CA,45.2501,-81.6665,37.83,91,100,18.3,light rain
625,Terrace Bay,CA,48.7834,-87.1,35.65,58,51,12.84,broken clouds
626,Cabedelo,BR,-6.9811,-34.8339,75.87,72,9,14.61,clear sky
627,Puerto Del Rosario,ES,28.5004,-13.8627,73.15,83,40,9.22,scattered clouds
628,Kraslava,LV,55.8951,27.168,34.18,93,16,7.78,few clouds
629,Angoche,MZ,-16.2325,39.9086,72.48,88,1,4.27,clear sky
630,Belmonte,BR,-15.8631,-38.8828,73.87,83,11,8.5,few clouds
631,Mwingi,KE,-0.9344,38.0601,63.37,84,46,5.55,scattered clouds
632,Filadelfia,US,39.9523,-75.1638,52.05,57,100,8.05,overcast clouds
633,Santa Cruz Del Sur,CU,20.7147,-77.9956,80.08,77,49,3.27,scattered clouds
634,Havelock,US,34.8791,-76.9013,55.35,65,0,5.75,clear sky
635,Balaguer,ES,41.7912,0.8109,67.68,83,100,5.7,overcast clouds
636,Cap-Chat,CA,49.1001,-66.6821,66.2,63,87,11.59,overcast clouds
637,Alirajpur,IN,22.3031,74.3546,71.37,75,1,7.67,clear sky
638,Bedford,GB,52.1346,-0.4663,58.8,86,100,13.56,overcast clouds
639,Kozhva,RU,65.1073,57.0459,31.96,93,100,7.43,overcast clouds
640,Lucea,JM,18.451,-78.1736,75.85,76,73,4.5,light rain
641,Kummersbruck,DE,49.4192,11.8883,45.36,83,100,4.43,overcast clouds
642,Shujalpur,IN,23.4,76.7167,65.01,69,0,6.06,clear sky
643,Luba,GQ,3.4568,8.5547,76.89,86,87,4.88,light rain
644,Belvedere Marittimo,IT,39.6179,15.8617,55.11,76,0,2.44,clear sky
645,Kashi,CN,39.4547,75.9797,60.01,18,99,17.9,overcast clouds
646,Muscat,OM,23.6139,58.5922,78.82,45,60,3.47,broken clouds
647,Jurm,AF,36.8648,70.8342,33.67,81,88,5.21,overcast clouds
648,Saveh,IR,35.0213,50.3566,62.6,51,2,0.25,clear sky
649,Minyar,RU,55.0709,57.5485,41.18,98,100,2.64,overcast clouds
650,Barra Dos Coqueiros,BR,-10.9089,-37.0386,78.82,73,40,13.8,scattered clouds
651,Zemio,CF,5.0314,25.1361,68.32,95,100,0.45,overcast clouds
652,Thinadhoo,MV,0.5333,72.9333,81.41,76,100,11.41,overcast clouds
653,Badhni Kalan,IN,30.6833,75.2833,68.49,67,0,8.57,clear sky
654,Ayni,TJ,39.3941,68.5377,24.53,72,24,7.67,few clouds
655,Kibala,TD,9.1104,18.3463,74.23,85,92,2.68,overcast clouds
656,Bealanana,MG,-14.55,48.7333,50.13,97,12,4.21,few clouds
657,Boditi,ET,6.9667,37.8667,58.71,85,96,1.39,light rain
658,Monte Alegre De Minas,BR,-18.8706,-48.8808,78.33,44,83,10.33,broken clouds
659,Artyom,AZ,40.4723,50.333,68.14,80,42,23.58,scattered clouds
660,Flers,FR,48.7372,-0.5747,61.05,94,100,1.92,overcast clouds
661,Tougan,BF,13.0667,-3.0667,82.54,35,41,5.95,scattered clouds
662,Pennathur,IN,12.25,79.2333,74.37,90,53,3.47,broken clouds
663,Krasnyy Luch,UA,48.1395,38.9371,48.78,65,100,3.96,overcast clouds
664,Chicama,PE,-7.8447,-79.1469,59.54,80,99,7.72,overcast clouds
665,Juba,SS,4.8517,31.5825,73.42,75,96,1.74,overcast clouds
666,Dmitriyevka,RU,54.75,55.3333,40.55,90,100,4.18,overcast clouds
667,Monrovia,LR,6.3005,-10.7969,76.77,86,99,5.23,light rain
668,Tiznit,MA,29.5833,-9.5,76.91,27,43,5.57,scattered clouds
669,Parabel,RU,58.6978,81.4825,37.99,85,100,10.71,overcast clouds
670,Paragominas,BR,-2.9667,-47.4833,79.05,66,74,4.16,broken clouds
671,Palmeira,BR,-25.4294,-50.0064,62.24,93,62,2.35,broken clouds
672,Krasnyy Yar,RU,46.5331,48.3456,51.73,87,87,5.61,overcast clouds
673,Shadrinsk,RU,56.0852,63.6335,38.7,95,99,5.91,overcast clouds
674,Florianopolis,BR,-27.6146,-48.5012,67.23,88,75,3.44,broken clouds
675,Espeland,NO,60.3833,5.4667,38.44,98,2,1.14,clear sky
676,Oksovskiy,RU,62.6062,39.8984,34.61,87,97,8.5,overcast clouds
677,Deventer,NL,52.25,6.15,47.12,90,87,4.0,overcast clouds
678,Tumbes,PE,-3.5667,-80.4414,73.35,78,75,3.44,broken clouds
679,Gazojak,TM,41.1875,61.4036,50.65,36,1,11.1,clear sky
680,Joao Pinheiro,BR,-17.7425,-46.1725,79.7,32,27,6.17,scattered clouds
681,Maragheh,IR,37.3917,46.2398,60.03,35,19,3.71,few clouds
682,Borovskoy,KZ,53.8,64.15,41.54,79,100,7.96,overcast clouds
683,Sobradinho,BR,-12.8333,-39.1,69.96,85,4,4.38,clear sky
684,Santa Maria,BR,-29.6842,-53.8069,69.1,73,20,5.75,moderate rain
685,Domoni,KM,-12.2569,44.5319,73.45,82,4,4.21,clear sky
686,Ayorou,NE,14.7308,0.9174,86.27,17,41,8.25,scattered clouds
687,Iracoubo,GF,5.4802,-53.2011,79.93,83,54,10.67,broken clouds
688,Kasongo-Lunda,CD,-6.4667,16.8167,69.87,97,64,1.45,light rain
689,Amalapuram,IN,16.5833,82.0167,75.25,92,31,3.85,scattered clouds
690,Dawlatabad,AF,36.4141,64.9053,50.2,63,0,7.34,clear sky
